"","Latitude","Longitude","date"
"1",35.8986777,-114.2909089,1968-06-09
"2",34.9859877,-114.4831159,1988-05-23
"3",34.9859877,-114.4831159,1992-05-24
"4",34.9859877,-114.4831159,1993-05-23
"5",34.9859877,-114.4831159,1995-05-21
"6",34.9859877,-114.4831159,1996-05-18
"7",34.9859877,-114.4831159,1997-05-21
"8",34.9859877,-114.4831159,1998-05-22
"9",34.9859877,-114.4831159,1999-05-22
"10",34.9859877,-114.4831159,2000-05-20
"11",34.9859877,-114.4831159,2001-05-22
"12",34.9859877,-114.4831159,2004-05-21
"13",34.9859877,-114.4831159,2005-06-12
"14",34.9859877,-114.4831159,2006-05-17
"15",34.9859877,-114.4831159,2007-05-21
"16",34.9859877,-114.4831159,2008-05-19
"17",34.9859877,-114.4831159,2009-05-21
"18",34.9859877,-114.4831159,2010-05-20
"19",34.9859877,-114.4831159,2011-05-04
"20",34.9859877,-114.4831159,2013-05-13
"21",34.9859877,-114.4831159,2014-05-22
"22",34.9859877,-114.4831159,2015-05-22
"23",34.9859877,-114.4831159,2016-05-12
"24",34.9859877,-114.4831159,2017-05-16
"25",34.9859877,-114.4831159,2018-05-15
"26",34.9859877,-114.4831159,2019-05-08
"27",34.9859877,-114.4831159,2021-05-17
"28",34.9859877,-114.4831159,2022-05-24
"29",34.9859877,-114.4831159,2023-05-28
"30",34.9859877,-114.4831159,2024-05-10
"31",34.7270747,-113.9188229,1992-05-17
"32",34.7270747,-113.9188229,1993-05-02
"33",34.7270747,-113.9188229,1994-05-20
"34",34.7270747,-113.9188229,1995-05-21
"35",34.7270747,-113.9188229,1996-05-18
"36",34.7270747,-113.9188229,1997-05-23
"37",34.7270747,-113.9188229,1998-05-22
"38",34.7270747,-113.9188229,2000-05-26
"39",34.7270747,-113.9188229,2001-05-23
"40",34.7270747,-113.9188229,2002-05-25
"41",34.7270747,-113.9188229,2003-05-24
"42",34.7270747,-113.9188229,2004-06-05
"43",34.7270747,-113.9188229,2005-05-22
"44",34.7270747,-113.9188229,2006-05-29
"45",34.7270747,-113.9188229,2007-05-28
"46",34.7270747,-113.9188229,2009-05-25
"47",34.7270747,-113.9188229,2010-05-26
"48",34.7270747,-113.9188229,2011-05-29
"49",34.7270747,-113.9188229,2012-05-27
"50",34.7270747,-113.9188229,2014-05-11
"51",34.7270747,-113.9188229,2015-05-10
"52",34.7270747,-113.9188229,2016-05-15
"53",34.7270747,-113.9188229,2017-05-21
"54",34.7270747,-113.9188229,2018-05-05
"55",34.7270747,-113.9188229,2019-05-08
"56",34.7270747,-113.9188229,2022-05-28
"57",34.7270747,-113.9188229,2024-05-19
"58",35.113694,-114.57123,1992-05-29
"59",35.113694,-114.57123,1993-05-19
"60",35.113694,-114.57123,1996-05-17
"61",35.113694,-114.57123,1997-05-24
"62",35.113694,-114.57123,1998-05-29
"63",35.113694,-114.57123,2003-06-26
"64",35.113694,-114.57123,2004-05-15
"65",35.113694,-114.57123,2007-05-10
"66",35.113694,-114.57123,2008-05-05
"67",35.113694,-114.57123,2009-04-29
"68",35.113694,-114.57123,2010-05-11
"69",35.113694,-114.57123,2012-05-16
"70",35.113694,-114.57123,2013-05-15
"71",35.113694,-114.57123,2015-05-16
"72",35.113694,-114.57123,2016-05-06
"73",35.113694,-114.57123,2017-05-02
"74",35.113694,-114.57123,2018-05-11
"75",35.113694,-114.57123,2021-05-04
"76",35.113694,-114.57123,2022-06-15
"77",35.113694,-114.57123,2023-06-22
"78",35.113694,-114.57123,2024-06-03
"79",35.4272901,-113.8087941,1994-06-01
"80",35.4272901,-113.8087941,1995-06-13
"81",35.4272901,-113.8087941,1996-06-06
"82",35.4272901,-113.8087941,1997-06-04
"83",35.4272901,-113.8087941,1998-06-16
"84",35.4272901,-113.8087941,2001-05-24
"85",35.4272901,-113.8087941,2002-05-24
"86",35.4272901,-113.8087941,2004-05-12
"87",35.4272901,-113.8087941,2006-05-18
"88",35.4272901,-113.8087941,2007-05-17
"89",35.4272901,-113.8087941,2008-06-19
"90",35.4272901,-113.8087941,2009-05-14
"91",35.4272901,-113.8087941,2010-05-25
"92",35.4272901,-113.8087941,2011-05-12
"93",35.4272901,-113.8087941,2012-05-31
"94",35.4272901,-113.8087941,2013-06-07
"95",35.4272901,-113.8087941,2014-05-21
"96",35.4272901,-113.8087941,2015-05-20
"97",35.4272901,-113.8087941,2016-05-18
"98",35.4272901,-113.8087941,2017-05-17
"99",35.4272901,-113.8087941,2018-05-17
"100",35.4272901,-113.8087941,2022-05-25
"101",35.4272901,-113.8087941,2023-06-07
"102",35.4272901,-113.8087941,2024-05-10
"103",35.8663787,-114.6619869,1989-05-14
"104",35.8663787,-114.6619869,1990-06-03
"105",35.8663787,-114.6619869,1992-05-31
"106",35.8663787,-114.6619869,1993-05-21
"107",35.8663787,-114.6619869,1994-05-27
"108",35.8663787,-114.6619869,1995-05-26
"109",35.8663787,-114.6619869,1996-05-24
"110",35.8663787,-114.6619869,1997-05-31
"111",35.8663187,-114.6620259,2002-06-14
"112",35.8663187,-114.6620259,2005-05-09
"113",35.8663187,-114.6620259,2006-05-01
"114",35.8663187,-114.6620259,2007-05-29
"115",35.8663187,-114.6620259,2010-05-26
"116",35.8663187,-114.6620259,2011-05-13
"117",35.8663187,-114.6620259,2016-05-16
"118",35.8663187,-114.6620259,2017-05-05
"119",35.8663187,-114.6620259,2018-04-25
"120",35.8663187,-114.6620259,2019-05-05
"121",35.8663187,-114.6620259,2021-04-30
"122",35.8663187,-114.6620259,2022-04-24
"123",35.8663187,-114.6620259,2024-06-07
"124",36.716665,-117.574268,1970-06-03
"125",36.716665,-117.574268,1972-05-11
"126",36.716665,-117.574268,1975-05-16
"127",36.716665,-117.574268,1977-05-03
"128",36.716665,-117.574268,1981-05-10
"129",36.716665,-117.574268,1983-05-14
"130",36.716665,-117.574268,1984-05-05
"131",36.716665,-117.574268,1985-05-11
"132",36.716665,-117.574268,1986-05-10
"133",36.716665,-117.574268,1987-05-09
"134",36.716665,-117.574268,1988-05-07
"135",36.716665,-117.574268,1990-05-12
"136",36.716665,-117.574268,1991-05-04
"137",36.716665,-117.574268,1993-05-08
"138",36.716665,-117.574268,1994-05-07
"139",36.716665,-117.574268,1996-05-11
"140",36.716665,-117.574268,1997-05-04
"141",36.716665,-117.574268,1998-05-09
"142",36.716665,-117.574268,1999-05-02
"143",36.716665,-117.574268,2000-05-06
"144",36.716665,-117.574268,2001-05-06
"145",36.716665,-117.574268,2002-05-07
"146",36.716665,-117.574268,2019-06-14
"147",36.716665,-117.574268,2021-05-11
"148",36.716665,-117.574268,2022-05-26
"149",36.159185,-117.886498,1975-05-30
"150",36.159185,-117.886498,1976-06-04
"151",36.159185,-117.886498,1992-06-04
"152",36.159185,-117.886498,1993-06-08
"153",36.159185,-117.886498,1994-06-04
"154",36.159185,-117.886498,1995-06-04
"155",36.159185,-117.886498,1996-06-10
"156",36.159185,-117.886498,1997-06-13
"157",36.159185,-117.886498,1998-06-06
"158",36.159185,-117.886498,1999-06-11
"159",36.159185,-117.886498,2000-06-06
"160",36.159185,-117.886498,2001-06-05
"161",36.159185,-117.886498,2002-05-24
"162",36.159185,-117.886498,2003-05-22
"163",36.159185,-117.886498,2004-05-25
"164",36.159185,-117.886498,2005-05-18
"165",36.5381747,-117.2138369,1977-05-07
"166",36.5381747,-117.2138369,1978-05-12
"167",36.5381747,-117.2138369,1979-04-23
"168",36.5381747,-117.2138369,1991-06-07
"169",36.5381747,-117.2138369,1993-06-02
"170",36.5381747,-117.2138369,1994-05-25
"171",36.5381747,-117.2138369,1995-05-31
"172",36.5381747,-117.2138369,1996-06-04
"173",36.5381747,-117.2138369,1999-06-09
"174",36.5381747,-117.2138369,2000-05-31
"175",36.5381747,-117.2138369,2001-05-26
"176",36.5381747,-117.2138369,2003-05-30
"177",36.5381747,-117.2138369,2005-06-02
"178",36.5381747,-117.2138369,2022-06-02
"179",35.0877907,-117.9172289,1977-05-14
"180",35.0877907,-117.9172289,1978-06-18
"181",35.0877907,-117.9172289,1979-05-20
"182",35.0877907,-117.9172289,1980-04-26
"183",35.0877907,-117.9172289,1995-05-24
"184",35.0877907,-117.9172289,1996-05-29
"185",35.0877907,-117.9172289,1997-05-23
"186",35.0877907,-117.9172289,2012-05-29
"187",35.0877907,-117.9172289,2015-06-09
"188",35.3017657,-116.9158549,1986-05-18
"189",35.3017657,-116.9158549,1987-05-23
"190",35.3017657,-116.9158549,1988-05-21
"191",35.3017657,-116.9158549,1991-05-12
"192",35.3017657,-116.9158549,1992-05-17
"193",35.3017657,-116.9158549,1993-05-22
"194",35.3017657,-116.9158549,1994-05-21
"195",35.3017657,-116.9158549,1995-05-27
"196",35.3017657,-116.9158549,1996-05-26
"197",35.3017657,-116.9158549,1997-05-25
"198",35.3017657,-116.9158549,1998-05-23
"199",35.3017657,-116.9158549,2000-05-19
"200",35.3017657,-116.9158549,2001-05-27
"201",35.3017657,-116.9158549,2003-05-24
"202",35.3017657,-116.9158549,2004-05-22
"203",35.3017657,-116.9158549,2005-05-21
"204",35.3017657,-116.9158549,2006-05-20
"205",35.3017657,-116.9158549,2007-05-19
"206",35.3017657,-116.9158549,2008-05-16
"207",35.3017657,-116.9158549,2009-05-30
"208",35.473722,-115.7029053,1989-06-21
"209",35.473722,-115.7029053,1993-05-30
"210",35.473722,-115.7029053,1994-05-22
"211",35.473722,-115.7029053,1995-05-21
"212",35.473722,-115.7029053,1996-05-27
"213",35.473722,-115.7029053,1997-05-26
"214",35.473722,-115.7029053,1998-05-24
"215",35.473722,-115.7029053,2000-05-20
"216",35.473722,-115.7029053,2001-05-28
"217",35.473722,-115.7029053,2002-05-25
"218",35.473722,-115.7029053,2003-05-25
"219",35.473722,-115.7029053,2004-05-23
"220",35.473722,-115.7029053,2005-05-22
"221",35.473722,-115.7029053,2006-05-21
"222",35.473722,-115.7029053,2007-05-20
"223",35.473722,-115.7029053,2008-05-17
"224",35.473722,-115.7029053,2009-05-31
"225",35.473722,-115.7029053,2010-05-31
"226",35.473722,-115.7029053,2011-05-20
"227",35.473722,-115.7029053,2013-05-18
"228",35.473722,-115.7029053,2014-05-24
"229",35.473722,-115.7029053,2015-05-24
"230",35.473722,-115.7029053,2016-05-29
"231",35.473722,-115.7029053,2017-05-21
"232",35.473722,-115.7029053,2018-05-20
"233",35.473722,-115.7029053,2019-05-24
"234",35.473722,-115.7029053,2021-05-23
"235",35.473722,-115.7029053,2022-05-22
"236",35.473722,-115.7029053,2023-05-22
"237",34.8404587,-118.5635609,1968-05-27
"238",34.8404587,-118.5635609,1969-05-20
"239",34.8404587,-118.5635609,1970-05-22
"240",34.8404587,-118.5635609,1971-05-26
"241",34.8404587,-118.5635609,1972-05-11
"242",34.8404587,-118.5635609,1973-05-14
"243",34.8404587,-118.5635609,1974-05-22
"244",34.8404587,-118.5635609,1975-05-12
"245",34.8404587,-118.5635609,1976-05-07
"246",34.8404587,-118.5635609,1977-05-27
"247",34.8404587,-118.5635609,1981-06-13
"248",34.6236297,-117.0048749,1969-05-22
"249",34.6236297,-117.0048749,1970-06-04
"250",34.6236297,-117.0048749,1972-05-14
"251",34.6236297,-117.0048749,1973-05-27
"252",34.6236297,-117.0048749,1974-05-24
"253",34.6236297,-117.0048749,1975-06-15
"254",34.6236297,-117.0048749,1976-05-20
"255",34.6236297,-117.0048749,1977-05-08
"256",34.6236297,-117.0048749,1978-05-21
"257",34.6236297,-117.0048749,1979-05-26
"258",34.6236297,-117.0048749,1980-05-29
"259",34.6236297,-117.0048749,1981-05-31
"260",34.6236297,-117.0048749,1982-05-27
"261",34.6236297,-117.0048749,1983-05-21
"262",34.6236297,-117.0048749,1984-05-19
"263",34.6236297,-117.0048749,1985-05-04
"264",34.6236297,-117.0048749,1986-05-17
"265",34.6236297,-117.0048749,1987-05-17
"266",34.6236297,-117.0048749,1988-05-08
"267",34.6236297,-117.0048749,1995-05-19
"268",34.6236297,-117.0048749,1996-05-20
"269",34.6236297,-117.0048749,1997-05-18
"270",34.6236297,-117.0048749,1998-05-24
"271",34.511105,-115.489428,1988-05-22
"272",34.511105,-115.489428,1991-06-06
"273",34.511105,-115.489428,1992-06-07
"274",36.3180973,-117.6717296,1991-06-04
"275",36.3180973,-117.6717296,1992-06-04
"276",36.3180973,-117.6717296,1993-06-08
"277",36.3180973,-117.6717296,1995-06-04
"278",36.3180973,-117.6717296,1996-06-10
"279",36.3180973,-117.6717296,1998-06-10
"280",36.3180973,-117.6717296,1999-06-11
"281",36.3180973,-117.6717296,2000-06-04
"282",36.3180973,-117.6717296,2001-05-19
"283",36.3180973,-117.6717296,2002-05-31
"284",36.3180973,-117.6717296,2003-05-20
"285",36.3180973,-117.6717296,2004-06-01
"286",36.3180973,-117.6717296,2012-06-18
"287",37.2267497,-117.7611699,1973-06-03
"288",37.2267497,-117.7611699,1975-05-17
"289",37.2267497,-117.7611699,1976-05-16
"290",37.2267497,-117.7611699,1977-05-15
"291",37.2267497,-117.7611699,1990-05-14
"292",37.2267497,-117.7611699,1991-05-15
"293",37.2267497,-117.7611699,1992-05-14
"294",37.2267497,-117.7611699,1993-05-18
"295",37.2267497,-117.7611699,1995-05-18
"296",37.2267497,-117.7611699,1996-05-16
"297",37.2267497,-117.7611699,1997-05-13
"298",37.2267497,-117.7611699,1999-05-26
"299",37.2267497,-117.7611699,2000-05-22
"300",37.2267497,-117.7611699,2002-05-16
"301",37.2267497,-117.7611699,2003-05-14
"302",37.2267497,-117.7611699,2004-05-18
"303",37.2267497,-117.7611699,2005-05-12
"304",37.2267497,-117.7611699,2014-06-16
"305",37.2267497,-117.7611699,2015-05-07
"306",37.2267497,-117.7611699,2016-05-09
"307",37.2267497,-117.7611699,2017-05-21
"308",37.2267497,-117.7611699,2018-05-20
"309",37.2267497,-117.7611699,2021-05-10
"310",37.2267497,-117.7611699,2022-05-12
"311",37.2267497,-117.7611699,2023-05-16
"312",35.607645,-117.799628,1976-05-26
"313",35.607645,-117.799628,1977-05-06
"314",35.607645,-117.799628,1989-05-12
"315",35.607645,-117.799628,1990-05-14
"316",35.607645,-117.799628,1991-06-02
"317",35.607645,-117.799628,1992-06-06
"318",35.607645,-117.799628,1993-06-06
"319",35.607645,-117.799628,1994-06-08
"320",35.607645,-117.799628,1995-05-31
"321",35.607645,-117.799628,1996-06-01
"322",35.607645,-117.799628,1997-05-16
"323",35.607645,-117.799628,1998-05-15
"324",35.607645,-117.799628,1999-05-14
"325",35.607645,-117.799628,2000-05-21
"326",35.607645,-117.799628,2001-06-08
"327",35.607645,-117.799628,2002-05-17
"328",35.607645,-117.799628,2003-05-23
"329",35.607645,-117.799628,2004-06-06
"330",35.607645,-117.799628,2005-06-04
"331",35.607645,-117.799628,2006-06-03
"332",35.607645,-117.799628,2007-05-27
"333",35.607645,-117.799628,2008-05-18
"334",35.607645,-117.799628,2009-05-23
"335",35.607645,-117.799628,2010-05-14
"336",35.607645,-117.799628,2011-05-11
"337",35.607645,-117.799628,2012-05-21
"338",35.607645,-117.799628,2013-05-12
"339",35.607645,-117.799628,2014-05-12
"340",35.607645,-117.799628,2015-05-02
"341",35.607645,-117.799628,2016-06-13
"342",35.607645,-117.799628,2017-05-03
"343",35.607645,-117.799628,2018-04-25
"344",35.607645,-117.799628,2019-05-29
"345",35.607645,-117.799628,2021-05-14
"346",35.607645,-117.799628,2022-06-06
"347",35.607645,-117.799628,2023-05-19
"348",35.607645,-117.799628,2024-05-28
"349",34.8508216,-117.1469807,1975-06-01
"350",34.8508216,-117.1469807,1978-06-11
"351",34.8508216,-117.1469807,1979-06-01
"352",34.8508216,-117.1469807,1980-05-15
"353",34.8508216,-117.1469807,1981-05-25
"354",34.8508216,-117.1469807,1982-06-26
"355",34.8508216,-117.1469807,1983-06-09
"356",34.8508216,-117.1469807,1984-05-26
"357",34.8508216,-117.1469807,1985-05-26
"358",34.8508216,-117.1469807,1992-06-21
"359",34.8508216,-117.1469807,1993-05-30
"360",34.8508216,-117.1469807,1994-06-11
"361",34.8508216,-117.1469807,1995-06-03
"362",34.8508216,-117.1469807,2012-05-30
"363",35.5408027,-115.4289179,1988-05-19
"364",35.5408027,-115.4289179,1989-06-04
"365",35.5408027,-115.4289179,1994-05-12
"366",35.5408027,-115.4289179,1995-05-10
"367",35.5408027,-115.4289179,1996-05-17
"368",35.5408027,-115.4289179,1997-05-21
"369",35.5408027,-115.4289179,1998-05-28
"370",35.5408027,-115.4289179,1999-05-21
"371",35.5408027,-115.4289179,2000-06-16
"372",35.5408027,-115.4289179,2001-06-27
"373",35.5408027,-115.4289179,2002-06-07
"374",35.5408027,-115.4289179,2003-06-03
"375",35.5408027,-115.4289179,2004-05-26
"376",35.5408027,-115.4289179,2005-05-27
"377",35.5408027,-115.4289179,2006-05-30
"378",35.5408027,-115.4289179,2007-06-07
"379",35.5408027,-115.4289179,2008-06-05
"380",35.5408027,-115.4289179,2009-05-20
"381",35.5408027,-115.4289179,2010-06-02
"382",35.5408027,-115.4289179,2017-06-06
"383",35.5408027,-115.4289179,2019-06-09
"384",35.8180322,-117.342044,1977-05-08
"385",35.8180322,-117.342044,1995-05-15
"386",35.8180322,-117.342044,1997-05-17
"387",35.801905,-116.194348,1979-04-28
"388",35.801905,-116.194348,1980-05-17
"389",35.801905,-116.194348,1981-05-09
"390",35.801905,-116.194348,1982-05-06
"391",35.801905,-116.194348,1983-05-14
"392",35.801905,-116.194348,1984-05-08
"393",35.801905,-116.194348,1985-05-03
"394",35.801905,-116.194348,1986-05-09
"395",35.801905,-116.194348,1987-05-05
"396",35.801905,-116.194348,1988-05-21
"397",35.801905,-116.194348,1989-04-28
"398",35.801905,-116.194348,1990-05-21
"399",35.801905,-116.194348,1991-05-08
"400",35.801905,-116.194348,1992-05-17
"401",35.801905,-116.194348,1993-05-05
"402",35.801905,-116.194348,1994-05-15
"403",35.801905,-116.194348,1995-05-08
"404",35.801905,-116.194348,1996-05-18
"405",35.801905,-116.194348,1997-05-04
"406",35.801905,-116.194348,1998-05-02
"407",35.801905,-116.194348,2010-06-01
"408",35.801905,-116.194348,2011-05-21
"409",35.801905,-116.194348,2013-05-19
"410",35.801905,-116.194348,2014-05-25
"411",35.801905,-116.194348,2015-05-25
"412",35.801905,-116.194348,2016-05-30
"413",35.801905,-116.194348,2017-05-20
"414",35.801905,-116.194348,2018-05-21
"415",35.801905,-116.194348,2019-05-25
"416",35.801905,-116.194348,2021-05-24
"417",35.801905,-116.194348,2022-05-23
"418",35.801905,-116.194348,2023-05-23
"419",34.7336313,-115.2438758,1989-06-25
"420",34.7336313,-115.2438758,1991-06-13
"421",34.7336313,-115.2438758,1993-06-09
"422",34.7336313,-115.2438758,1994-06-14
"423",34.7336313,-115.2438758,1995-06-01
"424",34.9755274,-115.6467441,1988-05-21
"425",34.9755274,-115.6467441,1989-06-24
"426",34.9755274,-115.6467441,1992-06-22
"427",34.9755274,-115.6467441,1993-05-31
"428",34.9755274,-115.6467441,1994-06-12
"429",34.9755274,-115.6467441,1995-05-29
"430",34.9755274,-115.6467441,1996-05-12
"431",34.4584537,-116.9455029,1974-05-25
"432",34.4584537,-116.9455029,1977-05-05
"433",34.4584537,-116.9455029,1978-05-08
"434",34.4584537,-116.9455029,1988-05-30
"435",34.4584537,-116.9455029,1989-05-29
"436",34.4584537,-116.9455029,1991-05-26
"437",34.4584537,-116.9455029,1992-05-23
"438",34.4584537,-116.9455029,1993-05-23
"439",34.4584537,-116.9455029,1994-05-28
"440",34.4584537,-116.9455029,1995-05-28
"441",34.4584537,-116.9455029,1996-05-26
"442",34.4584537,-116.9455029,1997-05-30
"443",34.4584537,-116.9455029,1998-05-25
"444",34.4584537,-116.9455029,1999-05-29
"445",34.4584537,-116.9455029,2024-05-18
"446",34.4912299,-114.4066433,1973-05-31
"447",34.4912299,-114.4066433,1978-06-08
"448",34.4912299,-114.4066433,2003-06-27
"449",34.9995167,-116.9363639,1975-05-31
"450",34.9995167,-116.9363639,1977-05-08
"451",34.9995167,-116.9363639,1978-06-10
"452",34.9995167,-116.9363639,1979-06-02
"453",34.9995167,-116.9363639,1980-05-14
"454",34.9995167,-116.9363639,1981-05-24
"455",34.9995167,-116.9363639,1982-06-25
"456",35.1743817,-115.4116059,1973-05-19
"457",35.1743817,-115.4116059,1977-05-06
"458",35.1743817,-115.4116059,1978-05-04
"459",35.1743817,-115.4116059,1980-05-20
"460",35.1743817,-115.4116059,1981-05-22
"461",35.1743817,-115.4116059,1982-05-18
"462",35.1743817,-115.4116059,1983-05-19
"463",35.1743817,-115.4116059,1984-05-14
"464",35.1743817,-115.4116059,1985-05-09
"465",35.1743817,-115.4116059,1986-05-29
"466",35.1743817,-115.4116059,1987-05-23
"467",35.1743817,-115.4116059,1988-05-23
"468",35.1743817,-115.4116059,1989-06-10
"469",35.1743817,-115.4116059,1990-05-22
"470",35.1743817,-115.4116059,1991-05-24
"471",35.1743817,-115.4116059,1993-05-26
"472",35.1743817,-115.4116059,1994-05-20
"473",35.1743817,-115.4116059,1995-05-26
"474",35.1743817,-115.4116059,1996-05-24
"475",35.1743817,-115.4116059,1997-05-21
"476",35.1743817,-115.4116059,1998-05-23
"477",35.1743817,-115.4116059,2013-05-26
"478",35.1743817,-115.4116059,2021-04-24
"479",34.5208799,-117.9406162,1970-05-23
"480",34.5208799,-117.9406162,1971-06-05
"481",34.5208799,-117.9406162,1972-05-26
"482",34.5208799,-117.9406162,1973-06-01
"483",34.5208799,-117.9406162,1974-05-29
"484",34.5208799,-117.9406162,1975-05-22
"485",34.5208799,-117.9406162,1976-05-18
"486",34.5208799,-117.9406162,1977-05-27
"487",34.5208799,-117.9406162,1978-05-25
"488",34.5208799,-117.9406162,1979-05-25
"489",34.5208799,-117.9406162,1980-05-29
"490",34.5208799,-117.9406162,1981-05-21
"491",34.5208799,-117.9406162,1982-05-27
"492",34.5208799,-117.9406162,1983-05-26
"493",34.5208799,-117.9406162,1984-05-24
"494",34.5208799,-117.9406162,1985-05-22
"495",34.5208799,-117.9406162,1986-05-23
"496",34.5208799,-117.9406162,1987-05-14
"497",34.5208799,-117.9406162,1988-05-15
"498",34.5208799,-117.9406162,1989-05-26
"499",34.5208799,-117.9406162,1990-05-13
"500",34.5208799,-117.9406162,1991-05-16
"501",34.5208799,-117.9406162,1992-05-08
"502",34.5208799,-117.9406162,1993-05-13
"503",34.5208799,-117.9406162,1994-05-05
"504",34.5208799,-117.9406162,1995-05-19
"505",34.5208799,-117.9406162,1996-05-03
"506",34.5208799,-117.9406162,1997-05-16
"507",34.5208799,-117.9406162,2004-05-17
"508",34.5208799,-117.9406162,2005-05-06
"509",34.5208799,-117.9406162,2006-06-04
"510",34.5208799,-117.9406162,2007-06-01
"511",34.5208799,-117.9406162,2008-05-31
"512",34.5208799,-117.9406162,2009-06-09
"513",34.5208799,-117.9406162,2010-05-30
"514",34.5208799,-117.9406162,2012-05-28
"515",34.5208799,-117.9406162,2013-05-26
"516",34.5208799,-117.9406162,2014-05-17
"517",34.5208799,-117.9406162,2015-05-25
"518",34.5208799,-117.9406162,2016-05-22
"519",34.5208799,-117.9406162,2017-05-23
"520",34.5208799,-117.9406162,2018-06-27
"521",34.5208799,-117.9406162,2019-05-24
"522",34.5208799,-117.9406162,2024-06-19
"523",36.4373087,-116.8511739,1975-05-17
"524",36.4373087,-116.8511739,1977-04-28
"525",36.4373087,-116.8511739,1978-04-23
"526",36.4373087,-116.8511739,1979-04-29
"527",36.4373087,-116.8511739,1980-04-27
"528",36.4373087,-116.8511739,1981-04-14
"529",36.4373087,-116.8511739,1985-05-01
"530",36.4373087,-116.8511739,1992-04-21
"531",36.4373087,-116.8511739,1993-05-14
"532",36.4373087,-116.8511739,1994-05-13
"533",36.4373087,-116.8511739,1995-05-11
"534",36.4373087,-116.8511739,1996-05-01
"535",36.4373087,-116.8511739,2003-05-23
"536",36.4373087,-116.8511739,2021-05-16
"537",36.4373087,-116.8511739,2022-05-21
"538",36.4373087,-116.8511739,2023-06-06
"539",34.029205,-116.179008,1970-05-11
"540",34.029205,-116.179008,1973-05-16
"541",34.029205,-116.179008,1974-05-18
"542",34.029205,-116.179008,1975-05-09
"543",34.029205,-116.179008,1976-05-13
"544",34.029205,-116.179008,1977-05-01
"545",34.029205,-116.179008,1978-05-14
"546",34.029205,-116.179008,1980-05-11
"547",34.029205,-116.179008,1981-05-30
"548",34.029205,-116.179008,1986-05-18
"549",34.029205,-116.179008,1987-05-14
"550",34.029205,-116.179008,1988-05-20
"551",34.029205,-116.179008,1991-06-06
"552",34.029205,-116.179008,1994-07-02
"553",34.029205,-116.179008,1995-06-06
"554",34.029205,-116.179008,1996-06-01
"555",34.029205,-116.179008,1997-06-01
"556",34.029205,-116.179008,1998-06-01
"557",34.029205,-116.179008,1999-06-12
"558",34.029205,-116.179008,2000-06-21
"559",34.029205,-116.179008,2002-06-12
"560",36.0509851,-116.5004177,1975-04-15
"561",36.0509851,-116.5004177,1977-05-02
"562",36.0509851,-116.5004177,1978-05-07
"563",36.0509851,-116.5004177,1979-05-13
"564",36.0509851,-116.5004177,1983-05-15
"565",36.0509851,-116.5004177,1984-05-06
"566",36.0509851,-116.5004177,1985-05-12
"567",36.0509851,-116.5004177,1986-05-11
"568",36.0509851,-116.5004177,1987-05-10
"569",36.0509851,-116.5004177,1989-05-14
"570",36.0509851,-116.5004177,1990-05-13
"571",36.0509851,-116.5004177,1991-05-05
"572",36.0509851,-116.5004177,1992-05-17
"573",36.0509851,-116.5004177,1993-05-09
"574",36.0509851,-116.5004177,1997-05-03
"575",36.0509851,-116.5004177,1998-05-10
"576",36.0509851,-116.5004177,1999-05-01
"577",36.0509851,-116.5004177,2000-05-07
"578",36.0509851,-116.5004177,2001-05-05
"579",36.0509851,-116.5004177,2002-05-06
"580",36.0509851,-116.5004177,2014-05-14
"581",36.0509851,-116.5004177,2015-05-05
"582",36.0509851,-116.5004177,2017-05-19
"583",36.0509851,-116.5004177,2018-05-18
"584",36.0509851,-116.5004177,2022-05-14
"585",34.0138414,-116.16262,2013-05-19
"586",34.0138414,-116.16262,2014-05-26
"587",34.0138414,-116.16262,2016-05-22
"588",34.971073,-118.148742,2013-06-30
"589",34.971073,-118.148742,2014-05-26
"590",34.971073,-118.148742,2015-05-09
"591",34.971073,-118.148742,2016-05-22
"592",34.971073,-118.148742,2017-05-21
"593",34.971073,-118.148742,2018-05-05
"594",34.971073,-118.148742,2019-05-04
"595",34.971073,-118.148742,2021-05-23
"596",34.971073,-118.148742,2022-05-16
"597",34.971073,-118.148742,2023-04-30
"598",34.971073,-118.148742,2024-05-11
"599",33.929717,-115.944246,1995-05-01
"600",33.929717,-115.944246,1996-05-09
"601",33.929717,-115.944246,1997-05-28
"602",33.929717,-115.944246,1998-05-13
"603",33.929717,-115.944246,1999-05-12
"604",33.929717,-115.944246,2000-05-10
"605",33.929717,-115.944246,2001-05-17
"606",33.929717,-115.944246,2002-05-22
"607",33.929717,-115.944246,2003-05-15
"608",33.929717,-115.944246,2004-05-13
"609",33.929717,-115.944246,2005-05-13
"610",33.929717,-115.944246,2006-05-12
"611",33.929717,-115.944246,2007-05-20
"612",33.929717,-115.944246,2008-05-15
"613",33.929717,-115.944246,2009-05-13
"614",33.929717,-115.944246,2010-05-27
"615",33.929717,-115.944246,2011-05-22
"616",33.929717,-115.944246,2012-05-27
"617",33.929717,-115.944246,2013-05-16
"618",33.929717,-115.944246,2014-05-19
"619",33.929717,-115.944246,2015-05-22
"620",33.929717,-115.944246,2016-05-19
"621",33.929717,-115.944246,2017-05-27
"622",33.929717,-115.944246,2018-05-17
"623",33.929717,-115.944246,2019-05-13
"624",33.929717,-115.944246,2021-05-24
"625",36.9072027,-116.7617883,1986-05-16
"626",36.9072027,-116.7617883,1987-05-17
"627",36.9072027,-116.7617883,1988-05-22
"628",36.9072027,-116.7617883,1989-05-15
"629",36.9072027,-116.7617883,1990-05-19
"630",36.9072027,-116.7617883,1991-05-25
"631",36.9072027,-116.7617883,1992-05-16
"632",36.9072027,-116.7617883,1993-05-15
"633",36.9072027,-116.7617883,1994-05-21
"634",36.9072027,-116.7617883,1995-05-20
"635",36.9072027,-116.7617883,1996-05-20
"636",36.9072027,-116.7617883,1997-05-16
"637",36.9072027,-116.7617883,2006-05-25
"638",36.9072027,-116.7617883,2007-05-31
"639",36.9072027,-116.7617883,2008-05-30
"640",36.9072027,-116.7617883,2009-05-21
"641",36.9072027,-116.7617883,2011-06-05
"642",36.9072027,-116.7617883,2013-05-30
"643",36.9072027,-116.7617883,2015-05-17
"644",36.9072027,-116.7617883,2016-06-16
"645",36.9072027,-116.7617883,2017-06-09
"646",36.9072027,-116.7617883,2021-05-23
"647",36.9072027,-116.7617883,2024-05-30
"648",36.9884637,-115.2569349,1969-06-03
"649",36.9884637,-115.2569349,1989-05-10
"650",36.5012519,-114.7610923,1985-05-27
"651",36.5012519,-114.7610923,1986-05-13
"652",36.5012519,-114.7610923,1987-05-31
"653",36.5012519,-114.7610923,1988-05-30
"654",36.5012519,-114.7610923,1989-05-29
"655",36.5012519,-114.7610923,1990-05-28
"656",36.5012519,-114.7610923,1991-06-01
"657",36.5012519,-114.7610923,1992-05-23
"658",36.5012519,-114.7610923,1993-05-29
"659",36.5012519,-114.7610923,1994-05-28
"660",36.5012519,-114.7610923,1995-05-27
"661",36.5012519,-114.7610923,1996-05-28
"662",36.5012519,-114.7610923,1997-05-31
"663",36.5012519,-114.7610923,1999-05-02
"664",36.5012519,-114.7610923,2000-05-29
"665",36.5012519,-114.7610923,2001-05-19
"666",36.5012519,-114.7610923,2005-05-25
"667",36.5012519,-114.7610923,2006-05-10
"668",36.5012519,-114.7610923,2007-05-29
"669",36.5012519,-114.7610923,2010-05-21
"670",36.5012519,-114.7610923,2011-05-19
"671",36.5012519,-114.7610923,2012-05-29
"672",36.5012519,-114.7610923,2013-05-29
"673",36.5012519,-114.7610923,2014-05-19
"674",36.5012519,-114.7610923,2016-05-13
"675",36.5012519,-114.7610923,2017-05-24
"676",36.5012519,-114.7610923,2018-05-14
"677",36.5012519,-114.7610923,2019-04-26
"678",36.5012519,-114.7610923,2021-06-02
"679",36.5012519,-114.7610923,2024-06-30
"680",35.7204427,-115.2094039,1976-06-02
"681",35.7204427,-115.2094039,1989-05-08
"682",35.7204427,-115.2094039,1991-05-08
"683",35.7204427,-115.2094039,1992-05-13
"684",35.7204427,-115.2094039,1993-05-26
"685",35.7204427,-115.2094039,1994-05-22
"686",35.7204427,-115.2094039,1995-05-06
"687",35.7204427,-115.2094039,1996-05-19
"688",35.7204427,-115.2094039,1997-05-04
"689",35.7204427,-115.2094039,1998-05-14
"690",35.7204427,-115.2094039,1999-06-05
"691",35.7204427,-115.2094039,2001-06-01
"692",35.7204427,-115.2094039,2002-06-04
"693",35.7204427,-115.2094039,2006-05-16
"694",35.7204427,-115.2094039,2007-06-08
"695",35.7204427,-115.2094039,2008-05-06
"696",35.7204427,-115.2094039,2009-06-02
"697",35.7204427,-115.2094039,2010-05-14
"698",35.7204427,-115.2094039,2013-05-30
"699",35.7087118,-114.7110604,1995-05-20
"700",35.7087118,-114.7110604,1996-05-05
"701",35.7087118,-114.7110604,1997-04-20
"702",35.7087118,-114.7110604,2000-06-11
"703",35.7087118,-114.7110604,2001-04-29
"704",35.7087118,-114.7110604,2002-05-05
"705",35.7087118,-114.7110604,2003-05-04
"706",35.7087118,-114.7110604,2004-05-02
"707",35.7087118,-114.7110604,2006-05-07
"708",35.7087118,-114.7110604,2007-05-13
"709",35.7087118,-114.7110604,2008-05-11
"710",35.7087118,-114.7110604,2009-04-30
"711",35.7087118,-114.7110604,2010-05-01
"712",35.7087118,-114.7110604,2011-04-27
"713",35.7087118,-114.7110604,2012-05-06
"714",35.7087118,-114.7110604,2013-05-04
"715",35.7087118,-114.7110604,2014-05-12
"716",35.7087118,-114.7110604,2015-06-06
"717",35.7087118,-114.7110604,2016-05-07
"718",35.7087118,-114.7110604,2017-04-30
"719",35.7087118,-114.7110604,2018-04-28
"720",35.7087118,-114.7110604,2019-04-30
"721",35.7087118,-114.7110604,2021-04-21
"722",35.7087118,-114.7110604,2022-04-30
"723",35.7087118,-114.7110604,2024-05-03
"724",36.925015,-115.240568,1998-05-17
"725",36.925015,-115.240568,2006-05-19
"726",36.925015,-115.240568,2007-05-22
"727",36.925015,-115.240568,2008-05-16
"728",36.925015,-115.240568,2009-05-13
"729",36.925015,-115.240568,2011-06-07
"730",36.925015,-115.240568,2013-05-30
"731",36.925015,-115.240568,2014-05-29
"732",36.925015,-115.240568,2015-05-28
"733",36.925015,-115.240568,2016-06-01
"734",36.925015,-115.240568,2017-05-31
"735",36.925015,-115.240568,2018-06-01
"736",36.925015,-115.240568,2019-05-30
"737",36.925015,-115.240568,2022-06-01
"738",36.925015,-115.240568,2023-06-03
"739",36.925015,-115.240568,2024-06-05
"740",36.4907307,-116.3432079,1993-05-18
"741",36.4907307,-116.3432079,1994-05-26
"742",36.4907307,-116.3432079,1995-05-24
"743",36.4907307,-116.3432079,1996-05-17
"744",36.4907307,-116.3432079,1997-05-16
"745",36.4907307,-116.3432079,1998-05-19
"746",36.4907307,-116.3432079,1999-05-22
"747",36.4907307,-116.3432079,2000-05-09
"748",36.4907307,-116.3432079,2001-05-20
"749",36.4907307,-116.3432079,2002-05-31
"750",36.4907307,-116.3432079,2005-06-08
"751",36.4907307,-116.3432079,2006-06-20
"752",36.4907307,-116.3432079,2007-06-16
"753",36.4907307,-116.3432079,2008-06-11
"754",36.4907307,-116.3432079,2009-06-11
"755",36.4907307,-116.3432079,2013-05-27
"756",36.4907307,-116.3432079,2015-05-25
"757",36.4907307,-116.3432079,2016-05-30
"758",36.4907307,-116.3432079,2018-05-27
"759",36.4907307,-116.3432079,2019-05-27
"760",36.4907307,-116.3432079,2021-05-31
"761",36.4907307,-116.3432079,2022-06-09
"762",36.4907307,-116.3432079,2023-06-09
"763",37.069605,-113.772578,1992-06-03
"764",37.069605,-113.772578,1993-06-05
"765",37.069605,-113.772578,1994-06-27
"766",37.069605,-113.772578,1995-05-25
"767",37.069605,-113.772578,1996-06-01
"768",37.069605,-113.772578,1997-05-22
"769",37.069605,-113.772578,1998-05-29
"770",37.069605,-113.772578,2000-06-13
"771",37.069605,-113.772578,2001-06-01
"772",37.069605,-113.772578,2003-06-13
"773",37.069605,-113.772578,2004-05-28
"774",37.069605,-113.772578,2005-05-31
"775",37.069605,-113.772578,2006-06-07
"776",37.069605,-113.772578,2007-06-07
"777",37.069605,-113.772578,2008-05-28
"778",37.069605,-113.772578,2009-05-29
"779",37.069605,-113.772578,2010-06-02
"780",37.069605,-113.772578,2011-06-07
"781",37.069605,-113.772578,2013-05-31
"782",37.069605,-113.772578,2014-06-10
"783",37.069605,-113.772578,2015-06-10
"784",37.069605,-113.772578,2016-06-02
"785",37.069605,-113.772578,2017-06-06
"786",37.069605,-113.772578,2018-06-07
"787",37.069605,-113.772578,2019-06-18
"788",37.069605,-113.772578,2021-06-30
"789",37.069605,-113.772578,2022-06-14
"790",37.069605,-113.772578,2023-06-21
"791",37.069605,-113.772578,2024-06-26
