"","AOU","Total.Count","Common.Name","Binomial.Name","Order","Family"
"1",5730,11136,"Black-throated Sparrow","Amphispiza bilineata","Passeriformes","Passerellidae"
"2",5190,6208,"House Finch","Haemorhous mexicanus","Passeriformes","Fringillidae"
"3",3160,4606,"Mourning Dove","Zenaida macroura","Columbiformes","Columbidae"
"4",4740,4403,"Horned Lark","Eremophila alpestris","Passeriformes","Alaudidae"
"5",6882,4185,"House Sparrow","Passer domesticus","Passeriformes","Passeridae"
"6",4860,3810,"Common Raven","Corvus corax","Passeriformes","Corvidae"
"7",4540,3621,"Ash-throated Flycatcher","Myiarchus cinerascens","Passeriformes","Tyrannidae"
"8",2950,2737,"Gambel's Quail","Callipepla gambelii","Galliformes","Odontophoridae"
"9",7030,2481,"Northern Mockingbird","Mimus polyglottos","Passeriformes","Mimidae"
"10",7380,1842,"Mountain Chickadee","Poecile gambeli","Passeriformes","Paridae"
"11",7130,1368,"Cactus Wren","Campylorhynchus brunneicapillus","Passeriformes","Troglodytidae"
"12",7150,1328,"Rock Wren","Salpinctes obsoletus","Passeriformes","Troglodytidae"
"13",4470,1066,"Western Kingbird","Tyrannus verticalis","Passeriformes","Tyrannidae"
"14",5900,1058,"Green-tailed Towhee","Pipilo chlorurus","Passeriformes","Passerellidae"
"15",6220,1011,"Loggerhead Shrike","Lanius ludovicianus","Passeriformes","Laniidae"
"16",4250,991,"White-throated Swift","Aeronautes saxatalis","Apodiformes","Apodidae"
"17",4620,979,"Western Wood-Pewee","Contopus sordidulus","Passeriformes","Tyrannidae"
"18",2940,967,"California Quail","Callipepla californica","Galliformes","Odontophoridae"
"19",5880,938,"Spotted Towhee","Pipilo maculatus","Passeriformes","Passerellidae"
"20",4570,917,"Say's Phoebe","Sayornis saya","Passeriformes","Tyrannidae"
"21",5671,857,"(Oregon Junco) Dark-eyed Junco","Junco hyemalis oreganus","Passeriformes","Passerellidae"
"22",4780,849,"Steller's Jay","Cyanocitta stelleri","Passeriformes","Corvidae"
"23",6070,820,"Western Tanager","Piranga ludoviciana","Passeriformes","Cardinalidae"
"24",4930,781,"European Starling","Sturnus vulgaris","Passeriformes","Sturnidae"
"25",6150,757,"Violet-green Swallow","Tachycineta thalassina","Passeriformes","Hirundinidae"
"26",7190,731,"Bewick's Wren","Thryomanes bewickii","Passeriformes","Troglodytidae"
"27",7460,666,"Verdin","Auriparus flaviceps","Passeriformes","Remizidae"
"28",2882,661,"Chukar","Alectoris chukar","Galliformes","Phasianidae"
"29",3370,654,"Red-tailed Hawk","Buteo jamaicensis","Accipitriformes","Accipitridae"
"30",5739,654,"Bell's Sparrow","Artemisiospiza belli","Passeriformes","Passerellidae"
"31",6120,624,"Cliff Swallow","Petrochelidon pyrrhonota","Passeriformes","Hirundinidae"
"32",5040,621,"Scott's Oriole","Icterus parisorum","Passeriformes","Icteridae"
"33",6200,615,"Phainopepla","Phainopepla nitens","Passeriformes","Ptiliogonatidae"
"34",6560,602,"(Audubon's Warbler) Yellow-rumped Warbler","Setophaga coronata audoboni","Passeriformes","Parulidae"
"35",5850,563,"Fox Sparrow","Passerella iliaca","Passeriformes","Passerellidae"
"36",7510,547,"Blue-gray Gnatcatcher","Polioptila caerulea","Passeriformes","Polioptilidae"
"37",22860,545,"Eurasian Collared-Dove","Streptopelia decaocto","Columbiformes","Columbidae"
"38",4812,544,"California Scrub-Jay","Aphelocoma californica","Passeriformes","Corvidae"
"39",4980,540,"Red-winged Blackbird","Agelaius phoeniceus","Passeriformes","Icteridae"
"40",4920,522,"Pinyon Jay","Gymnorhinus cyanocephalus","Passeriformes","Corvidae"
"41",3131,508,"Rock Pigeon","Columba livia","Columbiformes","Columbidae"
"42",5620,501,"Brewer's Sparrow","Spizella breweri","Passeriformes","Passerellidae"
"43",5300,463,"Lesser Goldfinch","Spinus psaltria","Passeriformes","Fringillidae"
"44",7610,445,"American Robin","Turdus migratorius","Passeriformes","Turdidae"
"45",7300,414,"Pygmy Nuthatch","Sitta pygmaea","Passeriformes","Sittidae"
"46",3250,402,"Turkey Vulture","Cathartes aura","Cathartiformes","Cathartidae"
"47",5011,402,"Western Meadowlark","Sturnella neglecta","Passeriformes","Icteridae"
"48",7270,396,"White-breasted Nuthatch","Sitta carolinensis","Passeriformes","Sittidae"
"49",4910,392,"Clark's Nutcracker","Nucifraga columbiana","Passeriformes","Corvidae"
"50",7430,360,"Bushtit","Psaltriparus minimus","Passeriformes","Aegithalidae"
"51",7670,354,"Western Bluebird","Sialia mexicana","Passeriformes","Turdidae"
"52",5120,340,"Great-tailed Grackle","Quiscalus mexicanus","Passeriformes","Icteridae"
"53",5740,334,"unid. Sagebrush Sparrow / Bell's Sparrow","Artemisiospiza nevadensis / belli","Passeriformes","Passerellidae"
"54",7520,326,"Black-tailed Gnatcatcher","Polioptila melanura","Passeriformes","Polioptilidae"
"55",4690,324,"Dusky Flycatcher","Empidonax oberholseri","Passeriformes","Tyrannidae"
"56",5100,294,"Brewer's Blackbird","Euphagus cyanocephalus","Passeriformes","Icteridae"
"57",4130,291,"(Red-shafted Flicker) Northern Flicker","Colaptes auratus cafer","Piciformes","Picidae"
"58",5600,289,"Chipping Sparrow","Spizella passerina","Passeriformes","Passerellidae"
"59",4970,280,"Yellow-headed Blackbird","Xanthocephalus xanthocephalus","Passeriformes","Icteridae"
"60",4880,271,"American Crow","Corvus brachyrhynchos","Passeriformes","Corvidae"
"61",7110,271,"LeConte's Thrasher","Toxostoma lecontei","Passeriformes","Mimidae"
"62",5180,264,"Cassin's Finch","Haemorhous cassinii","Passeriformes","Fringillidae"
"63",6430,256,"Lucy's Warbler","Leiothlypis luciae","Passeriformes","Parulidae"
"64",6340,254,"Gray Vireo","Vireo vicinior","Passeriformes","Vireonidae"
"65",4950,251,"Brown-headed Cowbird","Molothrus ater","Passeriformes","Icteridae"
"66",5080,245,"Bullock's Oriole","Icterus bullockii","Passeriformes","Icteridae"
"67",3960,228,"Ladder-backed Woodpecker","Dryobates scalaris","Piciformes","Picidae"
"68",5960,228,"Black-headed Grosbeak","Pheucticus melanocephalus","Passeriformes","Cardinalidae"
"69",2210,208,"American Coot","Fulica americana","Gruiformes","Rallidae"
"70",4590,205,"Olive-sided Flycatcher","Contopus cooperi","Passeriformes","Tyrannidae"
"71",5650,203,"Black-chinned Sparrow","Spizella atrogularis","Passeriformes","Passerellidae"
"72",7280,199,"Red-breasted Nuthatch","Sitta canadensis","Passeriformes","Sittidae"
"73",6520,192,"Yellow Warbler","Setophaga petechia","Passeriformes","Parulidae"
"74",3600,191,"American Kestrel","Falco sparverius","Falconiformes","Falconidae"
"75",4210,183,"Lesser Nighthawk","Chordeiles acutipennis","Caprimulgiformes","Caprimulgidae"
"76",6650,171,"Black-throated Gray Warbler","Setophaga nigrescens","Passeriformes","Parulidae"
"77",5810,169,"Song Sparrow","Melospiza melodia","Passeriformes","Passerellidae"
"78",6830,167,"Yellow-breasted Chat","Icteria virens","Passeriformes","Icteriidae"
"79",5520,166,"Lark Sparrow","Chondestes grammacus","Passeriformes","Passerellidae"
"80",5170,165,"Purple Finch","Haemorhous purpureus","Passeriformes","Fringillidae"
"81",3190,162,"White-winged Dove","Zenaida asiatica","Columbiformes","Columbidae"
"82",7210,161,"Northern House Wren","Troglodytes aedon","Passeriformes","Troglodytidae"
"83",4070,150,"Acorn Woodpecker","Melanerpes formicivorus","Piciformes","Picidae"
"84",4300,146,"Costa's Hummingbird","Calypte costae","Apodiformes","Trochilidae"
"85",3990,145,"White-headed Woodpecker","Dryobates albolarvatus","Piciformes","Picidae"
"86",6170,144,"Northern Rough-winged Swallow","Stelgidopteryx serripennis","Passeriformes","Hirundinidae"
"87",6810,134,"Common Yellowthroat","Geothlypis trichas","Passeriformes","Parulidae"
"88",5911,133,"California Towhee","Melozone crissalis","Passeriformes","Passerellidae"
"89",5970,129,"Blue Grosbeak","Passerina caerulea","Passeriformes","Cardinalidae"
"90",3120,121,"Band-tailed Pigeon","Patagioenas fasciata","Columbiformes","Columbidae"
"91",5990,119,"Lazuli Bunting","Passerina amoena","Passeriformes","Cardinalidae"
"92",4813,117,"Woodhouse's Scrub-Jay","Aphelocoma woodhouseii","Passeriformes","Corvidae"
"93",4480,115,"Cassin's Kingbird","Tyrannus vociferans","Passeriformes","Tyrannidae"
"94",3850,114,"Greater Roadrunner","Geococcyx californianus","Cuculiformes","Cuculidae"
"95",7331,111,"Juniper Titmouse","Baeolophus ridgwayi","Passeriformes","Paridae"
"96",6292,98,"Plumbeous Vireo","Vireo plumbeus","Passeriformes","Vireonidae"
"97",7680,94,"Mountain Bluebird","Sialia currucoides","Passeriformes","Turdidae"
"98",4691,90,"Gray Flycatcher","Empidonax wrightii","Passeriformes","Tyrannidae"
"99",7420,87,"Wrentit","Chamaea fasciata","Passeriformes","Sylviidae"
"100",3930,86,"Hairy Woodpecker","Dryobates villosus","Piciformes","Picidae"
"101",4200,86,"Common Nighthawk","Chordeiles minor","Caprimulgiformes","Caprimulgidae"
"102",7260,86,"Brown Creeper","Certhia americana","Passeriformes","Certhiidae"
"103",2920,81,"Mountain Quail","Oreortyx pictus","Galliformes","Odontophoridae"
"104",4402,75,"unid. hummingbird","Trochilid sp.","Apodiformes","Trochilidae"
"105",4290,72,"Black-chinned Hummingbird","Archilochus alexandri","Apodiformes","Trochilidae"
"106",1670,68,"Ruddy Duck","Oxyura jamaicensis","Anseriformes","Anatidae"
"107",40,66,"Eared Grebe","Podiceps nigricollis","Podicipediformes","Podicipedidae"
"108",4310,64,"Anna's Hummingbird","Calypte anna","Apodiformes","Trochilidae"
"109",3970,62,"Nuttall's Woodpecker","Dryobates nuttallii","Piciformes","Picidae"
"110",530,59,"California Gull","Larus californicus","Charadriiformes","Laridae"
"111",1320,59,"Mallard","Anas platyrhynchos","Anseriformes","Anatidae"
"112",7120,58,"Crissal Thrasher","Toxostoma crissale","Passeriformes","Mimidae"
"113",7330,57,"Oak Titmouse","Baeolophus inornatus","Passeriformes","Paridae"
"114",5330,55,"Pine Siskin","Spinus pinus","Passeriformes","Fringillidae"
"115",6270,55,"Warbling Vireo","Vireo gilvus","Passeriformes","Vireonidae"
"116",7540,54,"Townsend's Solitaire","Myadestes townsendi","Passeriformes","Turdidae"
"117",2250,51,"American Avocet","Recurvirostra americana","Charadriiformes","Recurvirostridae"
"118",7020,51,"Sage Thrasher","Oreoscoptes montanus","Passeriformes","Mimidae"
"119",7100,50,"California Thrasher","Toxostoma redivivum","Passeriformes","Mimidae"
"120",7590,50,"Hermit Thrush","Catharus guttatus","Passeriformes","Turdidae"
"121",3750,47,"Great Horned Owl","Bubo virginianus","Strigiformes","Strigidae"
"122",3310,46,"Northern Harrier","Circus hudsonius","Accipitriformes","Accipitridae"
"123",6330,46,"Bell's Vireo","Vireo bellii","Passeriformes","Vireonidae"
"124",6800,44,"MacGillivray's Warbler","Geothlypis tolmiei","Passeriformes","Parulidae"
"125",7170,44,"Canyon Wren","Catherpes mexicanus","Passeriformes","Troglodytidae"
"126",4580,43,"Black Phoebe","Sayornis nigricans","Passeriformes","Tyrannidae"
"127",4180,42,"Common Poorwill","Phalaenoptilus nuttallii","Caprimulgiformes","Caprimulgidae"
"128",2730,41,"Killdeer","Charadrius vociferus","Charadriiformes","Charadriidae"
"129",4040,41,"Williamson's Sapsucker","Sphyrapicus thyroideus","Piciformes","Picidae"
"130",5310,40,"Lawrence's Goldfinch","Spinus lawrencei","Passeriformes","Fringillidae"
"131",5050,39,"Hooded Oriole","Icterus cucullatus","Passeriformes","Icteridae"
"132",6130,38,"Barn Swallow","Hirundo rustica","Passeriformes","Hirundinidae"
"133",5540,35,"White-crowned Sparrow","Zonotrichia leucophrys","Passeriformes","Passerellidae"
"134",1460,33,"Redhead","Aythya americana","Anseriformes","Anatidae"
"135",3920,31,"unid. woodpecker","Woodpecker sp.","Piciformes","Picidae"
"136",1870,30,"White-faced Ibis","Plegadis chihi","Pelecaniformes","Threskiornithidae"
"137",5400,30,"Vesper Sparrow","Pooecetes gramineus","Passeriformes","Passerellidae"
"138",7080,30,"Bendire's Thrasher","Toxostoma bendirei","Passeriformes","Mimidae"
"139",3550,29,"Prairie Falcon","Falco mexicanus","Falconiformes","Falconidae"
"140",4680,29,"Hammond's Flycatcher","Empidonax hammondii","Passeriformes","Tyrannidae"
"141",6440,29,"Virginia's Warbler","Leiothlypis virginiae","Passeriformes","Parulidae"
"142",4320,26,"Broad-tailed Hummingbird","Selasphorus platycercus","Apodiformes","Trochilidae"
"143",60,25,"Pied-billed Grebe","Podilymbus podiceps","Podicipediformes","Podicipedidae"
"144",4810,23,"unid. California Scrub-Jay / Woodhouse's Scrub-Jay","Aphelocoma californica / woodhouseii","Passeriformes","Corvidae"
"145",3490,20,"Golden Eagle","Aquila chrysaetos","Accipitriformes","Accipitridae"
"146",7480,20,"Golden-crowned Kinglet","Regulus satrapa","Passeriformes","Regulidae"
"147",1940,19,"Great Blue Heron","Ardea herodias","Pelecaniformes","Ardeidae"
"148",3330,19,"Cooper's Hawk","Accipiter cooperii","Accipitriformes","Accipitridae"
"149",4030,19,"Red-breasted Sapsucker","Sphyrapicus ruber","Piciformes","Picidae"
"150",5210,19,"Red Crossbill","Loxia curvirostra","Passeriformes","Fringillidae"
"151",7250,19,"Marsh Wren","Cistothorus palustris","Passeriformes","Troglodytidae"
"152",4689,18,"unid. Hammond's Flycatcher / Dusky Flycatcher","Empidonax hammondii / oberholseri","Passeriformes","Tyrannidae"
"153",6460,18,"Orange-crowned Warbler","Leiothlypis celata","Passeriformes","Parulidae"
"154",3940,17,"Downy Woodpecker","Dryobates pubescens","Piciformes","Picidae"
"155",6291,17,"Cassin's Vireo","Vireo cassinii","Passeriformes","Vireonidae"
"156",6850,17,"Wilson's Warbler","Cardellina pusilla","Passeriformes","Parulidae"
"157",3780,16,"Burrowing Owl","Athene cunicularia","Strigiformes","Strigidae"
"158",4530,16,"Brown-crested Flycatcher","Myiarchus tyrannulus","Passeriformes","Tyrannidae"
"159",4750,16,"Black-billed Magpie","Pica hudsonia","Passeriformes","Corvidae"
"160",534,15,"unid. gull","Gull sp.","Charadriiformes","Laridae"
"161",6100,15,"Summer Tanager","Piranga rubra","Passeriformes","Cardinalidae"
"162",2120,14,"Virginia Rail","Rallus limicola","Gruiformes","Rallidae"
"163",1350,13,"Gadwall","Mareca strepera","Anseriformes","Anatidae"
"164",3100,13,"Wild Turkey","Meleagris gallopavo","Galliformes","Phasianidae"
"165",5980,13,"Indigo Bunting","Passerina cyanea","Passeriformes","Cardinalidae"
"166",3390,12,"Red-shouldered Hawk","Buteo lineatus","Accipitriformes","Accipitridae"
"167",5800,12,"Rufous-crowned Sparrow","Aimophila ruficeps","Passeriformes","Passerellidae"
"168",1900,11,"American Bittern","Botaurus lentiginosus","Pelecaniformes","Ardeidae"
"169",4641,11,"(Pacific-slope Flycatcher) Western Flycatcher","Empidonax difficilis difficilis","Passeriformes","Tyrannidae"
"170",6140,11,"Tree Swallow","Tachycineta bicolor","Passeriformes","Hirundinidae"
"171",6450,11,"Nashville Warbler","Leiothlypis ruficapilla","Passeriformes","Parulidae"
"172",2111,10,"Ridgway's Rail","Rallus obsoletus","Gruiformes","Rallidae"
"173",2260,10,"Black-necked Stilt","Himantopus mexicanus","Charadriiformes","Recurvirostridae"
"174",5420,9,"Savannah Sparrow","Passerculus sandwichensis","Passeriformes","Passerellidae"
"175",1960,8,"Great Egret","Ardea alba","Pelecaniformes","Ardeidae"
"176",6190,8,"Cedar Waxwing","Bombycilla cedrorum","Passeriformes","Bombycillidae"
"177",6690,7,"Hermit Warbler","Setophaga occidentalis","Passeriformes","Parulidae"
"178",4330,6,"Rufous Hummingbird","Selasphorus rufus","Apodiformes","Trochilidae"
"179",5290,6,"American Goldfinch","Spinus tristis","Passeriformes","Fringillidae"
"180",10,5,"Western Grebe","Aechmophorus occidentalis","Podicipediformes","Podicipedidae"
"181",4360,5,"Calliope Hummingbird","Selasphorus calliope","Apodiformes","Trochilidae"
"182",5920,5,"Abert's Towhee","Melozone aberti","Passeriformes","Passerellidae"
"183",4710,4,"Vermilion Flycatcher","Pyrocephalus rubinus","Passeriformes","Tyrannidae"
"184",6320,4,"Hutton's Vireo","Vireo huttoni","Passeriformes","Vireonidae"
"185",1420,3,"Northern Shoveler","Spatula clypeata","Anseriformes","Anatidae"
"186",3650,3,"American Barn Owl","Tyto furcata","Strigiformes","Tytonidae"
"187",4140,3,"Gilded Flicker","Colaptes chrysoides","Piciformes","Picidae"
"188",6296,3,"unid. Plumbeous Vireo / Cassin's Vireo","Vireo plumbeus / cassinii","Passeriformes","Vireonidae"
"189",690,2,"Forster's Tern","Sterna forsteri","Charadriiformes","Laridae"
"190",1200,2,"Double-crested Cormorant","Nannopterum auritum","Suliformes","Phalacrocoracidae"
"191",3200,2,"Common Ground Dove","Columbina passerina","Columbiformes","Columbidae"
"192",3320,2,"Sharp-shinned Hawk","Accipiter striatus","Accipitriformes","Accipitridae"
"193",3420,2,"Swainson's Hawk","Buteo swainsoni","Accipitriformes","Accipitridae"
"194",3790,2,"Northern Pygmy-Owl","Glaucidium gnoma","Strigiformes","Strigidae"
"195",4123,2,"(unid. Red / Yellow Shafted) Northern Flicker","Colaptes auratus","Piciformes","Picidae"
"196",4679,2,"unid. Empidonax flycatcher","Empidonax sp.","Passeriformes","Tyrannidae"
"197",5780,2,"Cassin's Sparrow","Peucaea cassinii","Passeriformes","Passerellidae"
"198",5830,2,"Lincoln's Sparrow","Melospiza lincolnii","Passeriformes","Passerellidae"
"199",7490,2,"Ruby-crowned Kinglet","Corthylio calendula","Passeriformes","Regulidae"
"200",1910,1,"Least Bittern","Botaurus exilis","Pelecaniformes","Ardeidae"
"201",1970,1,"Snowy Egret","Egretta thula","Pelecaniformes","Ardeidae"
"202",2020,1,"Black-crowned Night Heron","Nycticorax nycticorax","Pelecaniformes","Ardeidae"
"203",2240,1,"Wilson's Phalarope","Phalaropus tricolor","Charadriiformes","Scolopacidae"
"204",3091,1,"Ring-necked Pheasant","Phasianus colchicus","Galliformes","Phasianidae"
"205",3340,1,"American Goshawk","Accipiter atricapillus","Accipitriformes","Accipitridae"
"206",3480,1,"Ferruginous Hawk","Buteo regalis","Accipitriformes","Accipitridae"
"207",3560,1,"Peregrine Falcon","Falco peregrinus","Falconiformes","Falconidae"
"208",3640,1,"Osprey","Pandion haliaetus","Accipitriformes","Pandionidae"
"209",3660,1,"Long-eared Owl","Asio otus","Strigiformes","Strigidae"
"210",3900,1,"Belted Kingfisher","Megaceryle alcyon","Coraciiformes","Alcedinidae"
"211",4022,1,"unid. sapsucker","Sphyrapicus sp.","Piciformes","Picidae"
"212",4340,1,"Allen's Hummingbird","Selasphorus sasin","Apodiformes","Trochilidae"
"213",5000,1,"Tricolored Blackbird","Agelaius tricolor","Passeriformes","Icteridae"
"214",7630,1,"Varied Thrush","Ixoreus naevius","Passeriformes","Turdidae"
"215",11,0,"Clark's Grebe","Aechmophorus clarkii","Podicipediformes","Podicipedidae"
"216",12,0,"unid. Western Grebe / Clark's Grebe","Aechmophorus occidentalis / clarkii","Podicipediformes","Podicipedidae"
"217",230,0,"Marbled Murrelet","Brachyramphus marmoratus","Charadriiformes","Alcidae"
"218",290,0,"Pigeon Guillemot","Cepphus columba","Charadriiformes","Alcidae"
"219",300,0,"Common Murre","Uria aalge","Charadriiformes","Alcidae"
"220",440,0,"Glaucous-winged Gull","Larus glaucescens","Charadriiformes","Laridae"
"221",490,0,"Western Gull","Larus occidentalis","Charadriiformes","Laridae"
"222",495,0,"hybrid Western Gull x Glaucous-winged Gull","Larus occidentalis x glaucescens","Charadriiformes","Laridae"
"223",510,0,"Herring Gull","Larus argentatus","Charadriiformes","Laridae"
"224",540,0,"Ring-billed Gull","Larus delawarensis","Charadriiformes","Laridae"
"225",570,0,"Heermann's Gull","Larus heermanni","Charadriiformes","Laridae"
"226",590,0,"Franklin's Gull","Leucophaeus pipixcan","Charadriiformes","Laridae"
"227",630,0,"Gull-billed Tern","Gelochelidon nilotica","Charadriiformes","Laridae"
"228",634,0,"unid. tern","Tern sp.","Charadriiformes","Laridae"
"229",640,0,"Caspian Tern","Hydroprogne caspia","Charadriiformes","Laridae"
"230",650,0,"Royal Tern","Thalasseus maximus","Charadriiformes","Laridae"
"231",660,0,"Elegant Tern","Thalasseus elegans","Charadriiformes","Laridae"
"232",740,0,"Least Tern","Sternula antillarum","Charadriiformes","Laridae"
"233",770,0,"Black Tern","Chlidonias niger","Charadriiformes","Laridae"
"234",800,0,"Black Skimmer","Rynchops niger","Charadriiformes","Laridae"
"235",1205,0,"unid. Neotropic / Double-crested Cormorant","Nannopterum brasilianum / auritum","Suliformes","Phalacrocoracidae"
"236",1207,0,"unid. west coast cormorant","Urile sp.","Suliformes","Phalacrocoracidae"
"237",1210,0,"Neotropic Cormorant","Nannopterum brasilianum","Suliformes","Phalacrocoracidae"
"238",1220,0,"Brandt's Cormorant","Urile penicillatus","Suliformes","Phalacrocoracidae"
"239",1230,0,"Pelagic Cormorant","Urile pelagicus","Suliformes","Phalacrocoracidae"
"240",1250,0,"American White Pelican","Pelecanus erythrorhynchos","Pelecaniformes","Pelecanidae"
"241",1260,0,"Brown Pelican","Pelecanus occidentalis","Pelecaniformes","Pelecanidae"
"242",1290,0,"Common Merganser","Mergus merganser","Anseriformes","Anatidae"
"243",1326,0,"hybrid Mallard x Black / Mexican / Mottled Duck","Anas platyrhynchos x rubripes / diazi / fulvigula","Anseriformes","Anatidae"
"244",1331,0,"Mexican Duck","Anas diazi","Anseriformes","Anatidae"
"245",1370,0,"American Wigeon","Mareca americana","Anseriformes","Anatidae"
"246",1390,0,"Green-winged Teal","Anas crecca","Anseriformes","Anatidae"
"247",1400,0,"Blue-winged Teal","Spatula discors","Anseriformes","Anatidae"
"248",1410,0,"Cinnamon Teal","Spatula cyanoptera","Anseriformes","Anatidae"
"249",1430,0,"Northern Pintail","Anas acuta","Anseriformes","Anatidae"
"250",1440,0,"Wood Duck","Aix sponsa","Anseriformes","Anatidae"
"251",1470,0,"Canvasback","Aythya valisineria","Anseriformes","Anatidae"
"252",1490,0,"Lesser Scaup","Aythya affinis","Anseriformes","Anatidae"
"253",1500,0,"Ring-necked Duck","Aythya collaris","Anseriformes","Anatidae"
"254",1510,0,"Common Goldeneye","Bucephala clangula","Anseriformes","Anatidae"
"255",1530,0,"Bufflehead","Bucephala albeola","Anseriformes","Anatidae"
"256",1720,0,"Canada Goose","Branta canadensis","Anseriformes","Anatidae"
"257",1770,0,"Black-bellied Whistling-Duck","Dendrocygna autumnalis","Anseriformes","Anatidae"
"258",1782,0,"Mute Swan","Cygnus olor","Anseriformes","Anatidae"
"259",1810,0,"Trumpeter Swan","Cygnus buccinator","Anseriformes","Anatidae"
"260",2001,0,"Western Cattle-Egret","Ardea ibis","Pelecaniformes","Ardeidae"
"261",2010,0,"Green Heron","Butorides virescens","Pelecaniformes","Ardeidae"
"262",2035,0,"unid Black-crowned / Yellow-crowned Night Heron","Nycticorax / Nyctanassa nycticorax / violacea","Pelecaniformes","Ardeidae"
"263",2060,0,"Sandhill Crane","Antigone canadensis","Gruiformes","Gruidae"
"264",2140,0,"Sora","Porzana carolina","Gruiformes","Rallidae"
"265",2160,0,"Black Rail","Laterallus jamaicensis","Gruiformes","Rallidae"
"266",2190,0,"Common Gallinule","Gallinula galeata","Gruiformes","Rallidae"
"267",2300,0,"Wilson's Snipe","Gallinago delicata","Charadriiformes","Scolopacidae"
"268",2580,0,"Willet","Tringa semipalmata","Charadriiformes","Scolopacidae"
"269",2630,0,"Spotted Sandpiper","Actitis macularius","Charadriiformes","Scolopacidae"
"270",2640,0,"Long-billed Curlew","Numenius americanus","Charadriiformes","Scolopacidae"
"271",2780,0,"Snowy Plover","Anarhynchus nivosus","Charadriiformes","Charadriidae"
"272",2870,0,"Black Oystercatcher","Haematopus bachmani","Charadriiformes","Haematopodidae"
"273",2881,0,"Gray Partridge","Perdix perdix","Galliformes","Phasianidae"
"274",2930,0,"Scaled Quail","Callipepla squamata","Galliformes","Odontophoridae"
"275",2960,0,"Montezuma Quail","Cyrtonyx montezumae","Galliformes","Odontophoridae"
"276",2970,0,"Dusky Grouse","Dendragapus obscurus","Galliformes","Phasianidae"
"277",2971,0,"Sooty Grouse","Dendragapus fuliginosus","Galliformes","Phasianidae"
"278",3000,0,"Ruffed Grouse","Bonasa umbellus","Galliformes","Phasianidae"
"279",3080,0,"Sharp-tailed Grouse","Tympanuchus phasianellus","Galliformes","Phasianidae"
"280",3089,0,"Gunnison Sage-Grouse","Centrocercus minimus","Galliformes","Phasianidae"
"281",3090,0,"Greater Sage-Grouse","Centrocercus urophasianus","Galliformes","Phasianidae"
"282",3095,0,"Indian Peafowl","Pavo cristatus","Galliformes","Phasianidae"
"283",3151,0,"Spotted Dove","Streptopelia chinensis","Columbiformes","Columbidae"
"284",3201,0,"Ruddy Ground Dove","Columbina talpacoti","Columbiformes","Columbidae"
"285",3210,0,"Inca Dove","Columbina inca","Columbiformes","Columbidae"
"286",3240,0,"California Condor","Gymnogyps californianus","Cathartiformes","Cathartidae"
"287",3255,0,"unid. Black Vulture / Turkey Vulture","Coragyps / Cathartes atratus / aura","Cathartiformes","Cathartidae"
"288",3260,0,"Black Vulture","Coragyps atratus","Cathartiformes","Cathartidae"
"289",3280,0,"White-tailed Kite","Elanus leucurus","Accipitriformes","Accipitridae"
"290",3290,0,"Mississippi Kite","Ictinia mississippiensis","Accipitriformes","Accipitridae"
"291",3333,0,"unid. Accipiter hawk","Accipiter sp.","Accipitriformes","Accipitridae"
"292",3350,0,"Harris's Hawk","Parabuteo unicinctus","Accipitriformes","Accipitridae"
"293",3400,0,"Zone-tailed Hawk","Buteo albonotatus","Accipitriformes","Accipitridae"
"294",3450,0,"Common Black Hawk","Buteogallus anthracinus","Accipitriformes","Accipitridae"
"295",3451,0,"unid. Buteo hawk","Buteo sp.","Accipitriformes","Accipitridae"
"296",3460,0,"Gray Hawk","Buteo plagiatus","Accipitriformes","Accipitridae"
"297",3520,0,"Bald Eagle","Haliaeetus leucocephalus","Accipitriformes","Accipitridae"
"298",3620,0,"Crested Caracara","Caracara plancus","Falconiformes","Falconidae"
"299",3670,0,"Short-eared Owl","Asio flammeus","Strigiformes","Strigidae"
"300",3680,0,"Barred Owl","Strix varia","Strigiformes","Strigidae"
"301",3690,0,"Spotted Owl","Strix occidentalis","Strigiformes","Strigidae"
"302",3700,0,"Great Gray Owl","Strix nebulosa","Strigiformes","Strigidae"
"303",3720,0,"Northern Saw-whet Owl","Aegolius acadicus","Strigiformes","Strigidae"
"304",3732,0,"Western Screech-Owl","Megascops kennicottii","Strigiformes","Strigidae"
"305",3740,0,"Flammulated Owl","Psiloscops flammeolus","Strigiformes","Strigidae"
"306",3810,0,"Elf Owl","Micrathene whitneyi","Strigiformes","Strigidae"
"307",3826,0,"Red-crowned Parrot","Amazona viridigenalis","Psittaciformes","Psittacidae"
"308",3870,0,"Yellow-billed Cuckoo","Coccyzus americanus","Cuculiformes","Cuculidae"
"309",3890,0,"Elegant Trogon","Trogon elegans","Trogoniformes","Trogonidae"
"310",3975,0,"Arizona Woodpecker","Dryobates arizonae","Piciformes","Picidae"
"311",4000,0,"Black-backed Woodpecker","Picoides arcticus","Piciformes","Picidae"
"312",4010,0,"American Three-toed Woodpecker","Picoides dorsalis","Piciformes","Picidae"
"313",4021,0,"Red-naped Sapsucker","Sphyrapicus nuchalis","Piciformes","Picidae"
"314",4050,0,"Pileated Woodpecker","Dryocopus pileatus","Piciformes","Picidae"
"315",4080,0,"Lewis's Woodpecker","Melanerpes lewis","Piciformes","Picidae"
"316",4110,0,"Gila Woodpecker","Melanerpes uropygialis","Piciformes","Picidae"
"317",4125,0,"hybrid Northern Flicker (Red x Yellow-shafted)","Colaptes auratus auratus x auratus cafer","Piciformes","Picidae"
"318",4172,0,"Mexican Whip-poor-will","Antrostomus arizonae","Caprimulgiformes","Caprimulgidae"
"319",4205,0,"unid. Lesser Nighthawk / Common Nighthawk","Chordeiles acutipennis / minor","Caprimulgiformes","Caprimulgidae"
"320",4220,0,"Black Swift","Cypseloides niger","Apodiformes","Apodidae"
"321",4240,0,"Vaux's Swift","Chaetura vauxi","Apodiformes","Apodidae"
"322",4260,0,"Rivoli's Hummingbird","Eugenes fulgens","Apodiformes","Trochilidae"
"323",4270,0,"Blue-throated Mountain-gem","Lampornis clemenciae","Apodiformes","Trochilidae"
"324",4335,0,"unid. Rufous Hummingbird / Allen's Hummingbird","Selasphorus rufus / sasin","Apodiformes","Trochilidae"
"325",4391,0,"Violet-crowned Hummingbird","Ramosomyia violiceps","Apodiformes","Trochilidae"
"326",4410,0,"Broad-billed Hummingbird","Cynanthus latirostris","Apodiformes","Trochilidae"
"327",4411,0,"Rose-throated Becard","Pachyramphus aglaiae","Passeriformes","Tityridae"
"328",4440,0,"Eastern Kingbird","Tyrannus tyrannus","Passeriformes","Tyrannidae"
"329",4447,0,"unid. Cassin's Kingbird / Western Kingbird","Tyrannus vociferans / verticalis","Passeriformes","Tyrannidae"
"330",4451,0,"Thick-billed Kingbird","Tyrannus crassirostris","Passeriformes","Tyrannidae"
"331",4460,0,"Tropical Kingbird","Tyrannus melancholicus","Passeriformes","Tyrannidae"
"332",4510,0,"Sulphur-bellied Flycatcher","Myiodynastes luteiventris","Passeriformes","Tyrannidae"
"333",4550,0,"Dusky-capped Flycatcher","Myiarchus tuberculifer","Passeriformes","Tyrannidae"
"334",4600,0,"Greater Pewee","Contopus pertinax","Passeriformes","Tyrannidae"
"335",4640,0,"(Cordilleran Flycatcher) Western Flycatcher","Empidonax difficilis occidentalis","Passeriformes","Tyrannidae"
"336",4642,0,"(unid. Cordilleran / Pac-slope) Western Flycatcher","Empidonax difficilis","Passeriformes","Tyrannidae"
"337",4660,0,"Willow Flycatcher","Empidonax traillii","Passeriformes","Tyrannidae"
"338",4670,0,"Least Flycatcher","Empidonax minimus","Passeriformes","Tyrannidae"
"339",4720,0,"Northern Beardless-Tyrannulet","Camptostoma imberbe","Passeriformes","Tyrannidae"
"340",4760,0,"Yellow-billed Magpie","Pica nuttalli","Passeriformes","Corvidae"
"341",4820,0,"Mexican Jay","Aphelocoma wollweberi","Passeriformes","Corvidae"
"342",4840,0,"Canada Jay","Perisoreus canadensis","Passeriformes","Corvidae"
"343",4865,0,"unid. Chihuahuan Raven / Common Raven","Corvus cryptoleucus / corax","Passeriformes","Corvidae"
"344",4870,0,"Chihuahuan Raven","Corvus cryptoleucus","Passeriformes","Corvidae"
"345",4940,0,"Bobolink","Dolichonyx oryzivorus","Passeriformes","Icteridae"
"346",4960,0,"Bronzed Cowbird","Molothrus aeneus","Passeriformes","Icteridae"
"347",5009,0,"Chihuahuan Meadowlark","Sturnella lilianae","Passeriformes","Icteridae"
"348",5012,0,"unid. Meadowlark","Sturnella sp.","Passeriformes","Icteridae"
"349",5110,0,"Common Grackle","Quiscalus quiscula","Passeriformes","Icteridae"
"350",5140,0,"Evening Grosbeak","Coccothraustes vespertinus","Passeriformes","Fringillidae"
"351",5150,0,"Pine Grosbeak","Pinicola enucleator","Passeriformes","Fringillidae"
"352",5195,0,"unid. Purple Finch / Cassin's Finch / House Finch","Carpodacus purpureus / cassinii / mexicanus","Passeriformes","Fringillidae"
"353",5460,0,"Grasshopper Sparrow","Ammodramus savannarum","Passeriformes","Passerellidae"
"354",5610,0,"Clay-colored Sparrow","Spizella pallida","Passeriformes","Passerellidae"
"355",5677,0,"(unid. race) Dark-eyed Junco","Junco hyemalis","Passeriformes","Passerellidae"
"356",5680,0,"(Pink-sided Junco) Dark-eyed Junco","Junco hyemalis mearnsi","Passeriformes","Passerellidae"
"357",5690,0,"(Gray-headed Junco) Dark-eyed Junco","Junco hyemalis caniceps","Passeriformes","Passerellidae"
"358",5700,0,"Yellow-eyed Junco","Junco phaeonotus","Passeriformes","Passerellidae"
"359",5738,0,"Sagebrush Sparrow","Artemisiospiza nevadensis","Passeriformes","Passerellidae"
"360",5760,0,"Botteri's Sparrow","Peucaea botterii","Passeriformes","Passerellidae"
"361",5790,0,"Rufous-winged Sparrow","Peucaea carpalis","Passeriformes","Passerellidae"
"362",5910,0,"Canyon Towhee","Melozone fusca","Passeriformes","Passerellidae"
"363",5930,0,"Northern Cardinal","Cardinalis cardinalis","Passeriformes","Cardinalidae"
"364",5935,0,"unid. Northern Cardinal / Pyrrhuloxia","Cardinalis cardinalis / sinuatus","Passeriformes","Cardinalidae"
"365",5940,0,"Pyrrhuloxia","Cardinalis sinuatus","Passeriformes","Cardinalidae"
"366",5986,0,"hybrid Lazuli Bunting x Indigo Bunting","Passerina amoena x cyanea","Passeriformes","Cardinalidae"
"367",6000,0,"Varied Bunting","Passerina versicolor","Passeriformes","Cardinalidae"
"368",6050,0,"Lark Bunting","Calamospiza melanocorys","Passeriformes","Passerellidae"
"369",6090,0,"Hepatic Tanager","Piranga flava","Passeriformes","Cardinalidae"
"370",6110,0,"Purple Martin","Progne subis","Passeriformes","Hirundinidae"
"371",6160,0,"Bank Swallow","Riparia riparia","Passeriformes","Hirundinidae"
"372",6480,0,"Northern Parula","Setophaga americana","Passeriformes","Parulidae"
"373",6510,0,"Olive Warbler","Peucedramus taeniatus","Passeriformes","Peucedramidae"
"374",6556,0,"(unid. Myrtle / Audubon's) Yellow-rumped Warbler","Setophaga coronata","Passeriformes","Parulidae"
"375",6590,0,"Chestnut-sided Warbler","Setophaga pensylvanica","Passeriformes","Parulidae"
"376",6640,0,"Grace's Warbler","Setophaga graciae","Passeriformes","Parulidae"
"377",6740,0,"Ovenbird","Seiurus aurocapilla","Passeriformes","Parulidae"
"378",6880,0,"Painted Redstart","Myioborus pictus","Passeriformes","Parulidae"
"379",6900,0,"Red-faced Warbler","Cardellina rubrifrons","Passeriformes","Parulidae"
"380",6970,0,"American Pipit","Anthus rubescens","Passeriformes","Motacillidae"
"381",7010,0,"American Dipper","Cinclus mexicanus","Passeriformes","Cinclidae"
"382",7040,0,"Gray Catbird","Dumetella carolinensis","Passeriformes","Mimidae"
"383",7070,0,"Curve-billed Thrasher","Toxostoma curvirostre","Passeriformes","Mimidae"
"384",7221,0,"Pacific Wren","Troglodytes pacificus","Passeriformes","Troglodytidae"
"385",7332,0,"unid. Oak Titmouse / Juniper Titmouse","Baeolophus inornatus / ridgwayi","Passeriformes","Paridae"
"386",7340,0,"Bridled Titmouse","Baeolophus wollweberi","Passeriformes","Paridae"
"387",7350,0,"Black-capped Chickadee","Poecile atricapillus","Passeriformes","Paridae"
"388",7370,0,"Mexican Chickadee","Poecile sclateri","Passeriformes","Paridae"
"389",7410,0,"Chestnut-backed Chickadee","Poecile rufescens","Passeriformes","Paridae"
"390",7421,0,"Swinhoe’s White-eye","Zosterops simplex","Passeriformes","Zosteropidae"
"391",7530,0,"California Gnatcatcher","Polioptila californica","Passeriformes","Polioptilidae"
"392",7580,0,"Swainson's Thrush","Catharus ustulatus","Passeriformes","Turdidae"
"393",7660,0,"Eastern Bluebird","Sialia sialis","Passeriformes","Turdidae"
"394",8110,0,"Scaly-breasted Munia","Lonchura punctulata","Passeriformes","Estrildidae"
"395",16600,0,"Sinaloa Wren","Thryophilus sinaloa","Passeriformes","Troglodytidae"
"396",19510,0,"Pin-tailed Whydah","Vidua macroura","Passeriformes","Viduidae"
